Accesorio de Musica,1001,5,2130
Accesorio de Oficina,1001,10,12222
Accesorio de Telefonia,1001,1,1000
Accesorio de Telefonia,1001,10,23444
Accesorio Deportivo,1001,12,1232
Accesorio Electrico,1001,6,3452
CDs,1001,1,122
CDs,1001,4,1333
Celulares,1001,1,6232
Celulares,1001,3,4222
Cinta de Impresora,1001,1,3432
Cinta de Impresora,1001,2,1211
Computadoras,1001,4,4573
Computadoras,1001,5,7532
Consola de Videojuegos,1001,3,4531
Consola de Videojuegos,1001,6,2352
Cosmeticos,1001,2,123
Cosmeticos,1001,2,235
Cuadernos,1001,3,235
Discos Duros Vacios,1001,2,2341
DVD Player,1001,5,2131
Edredon,1001,5,234
Electrodomesticos,1001,10,23422
Equipo Medico,1001,10,234211
Estuche de Cuero,1001,3,233
Estuche Partes Plasticas,1001,3,2342
Etiquetas de Papel o Carton,1001,3,223
Etiquetas de Tela,1001,5,234
Grabadoras,1001,6,1331
Herramientas de Mano,1001,6,1233
Impresoras,1001,3,1233
Videojuegos,1616,2,500
