Accesorio de Aseo Personal,0.10
Accesorio de Camara,0.10
Accesorio de Carro,0.10
Accesorio de Cocina,0.10
Accesorio de Computacion,0.10
Accesorio de Musica,0.10
Accesorio de Oficina,0.10
Accesorio de Telefonia,0.10
Accesorio Deportivo,0.10
Accesorio Electrico,0.10
Articulos de Cuero,0.10
Articulos de Fiesta,0.10
Bateria de Carro,0.10
Bicicleta,0.10
Bocinas de Carro,0.10
Bolsas,0.10
Cables,0.10
Camara Fotografica,0.10
Cartucho de tinta (Simple),0.10
Cartucho de Tinta C/Chip,0.10
Catalogos,0.10
CDs,0.10
Celulares,0.10
Cinta de Impresora,0.10
Computadoras,0.10
Consola de Videojuegos,0.10
Cosmeticos,0.10
Cuadernos,0.10
Discos Duros Vacios,0.10
DVD Player,0.10
Edredon,0.10
Electrodomesticos,0.10
Equipo Medico,0.10
Estuche de Cuero,0.10
Estuche Partes Plasticas,0.10
Etiquetas de Papel o Carton,0.10
Etiquetas de Tela,0.10
Grabadoras,0.10
Herramientas de Mano,0.10
Impresoras,0.10
Joyeria/Bisuteria,0.10
Juguetes,0.10
Laptop,0.10
Lentes,0.10
Lentes (solo aro),0.10
Lentes de Contacto,0.10
Lentes de Sol,0.10
Libros,0.10
Llaves,0.10
Luces Navidenas,0.10
Material Impreso,0.10
Material Promocional,0.10
Medicamentos,0.10
MP3 (iPod),0.10
Muebles de Casa,0.10
Partes de Bicicleta,0.10
Partes Industriales,0.10
Poster,0.10
Radio de Carro,0.10
Reloj de Pulsera/Pared,0.10
Repuestos de Carro,0.10
Repuestos de Helicoptero,0.10
Repuestos de Motor de Carro,0.10
Repuestos Electronicos,0.10
Ropa,0.10
Scanner,0.10
Software de PC,0.10
Tablets (iPad),0.10
Tarjetas de Invitaciones,0.10
Videocamara,0.10
Videocintas,0.10
Videojuegos,0.10
Videojuegos Blu-Ray,0.10
Zapatos,0.10
